v,Fx,Fy,Fz
0.0,0.10123081299053126,5.279442372398921e-18,1.521669402396015e-17
0.02,0.014453524072031806,0.013255171480502672,0.003971444245982102
